{
  "reaching_2d": {
    "il": -0.002409435575827956,
    "grpo": -0.0001776320132194087
  },
  "biased_expert": {
    "il": -1.0625190734863281,
    "grpo": -0.9641591310501099
  },
  "sm_0.01": {
    "il": -0.002409435575827956,
    "grpo": -5.3674975788453594e-05
  },
  "sm_0.05": {
    "il": -0.002409435575827956,
    "grpo": -0.0001776320132194087
  },
  "sm_0.1": {
    "il": -0.002409435575827956,
    "grpo": -0.0005656732828356326
  },
  "sm_0.2": {
    "il": -0.002409435575827956,
    "grpo": -0.0006014736136421561
  },
  "strat_product": {
    "il": -0.002409435575827956,
    "grpo": -0.0005656732828356326
  },
  "strat_perstep": {
    "il": -0.002409435575827956,
    "grpo": -0.0005107583128847182
  },
  "strat_mean": {
    "il": -0.002409435575827956,
    "grpo": -0.0011620235163718462
  }
}