{
  "il_reward": 0.9919863740205255,
  "grpo_reward": 1.5062177126736997,
  "delta": 0.5142313386531743,
  "pct": 51.838548605157975,
  "log": {
    "reward": [
      0.7541241592703146,
      1.0521841983566769,
      0.809869008723332,
      0.9864375038927164,
      1.0055953502164972,
      0.9378732630507263,
      1.071141523813211,
      0.8049916522741775,
      0.8574799034165623,
      0.8809280757944767,
      0.8110339296707814,
      1.0990929976967212,
      0.9879790582218207,
      1.0881388039981594,
      0.9633113523741297,
      1.136205260373824,
      1.059978202062743,
      0.8439479474872862,
      1.2232184195169458,
      0.9585191272973981,
      1.2863932604700343,
      1.0795045013971882,
      1.1186148523279829,
      0.9490567840830378,
      1.1065632476646992,
      1.008144778607942,
      1.0768464310680217,
      1.175199105566174,
      0.9206907996873674,
      1.065999723638213,
      1.1223314961179292,
      1.3155519334342967,
      1.1766307070096618,
      1.1858891210340612,
      0.8852095170890258,
      1.1907227460841656,
      1.3351399954520633,
      1.2600640185339163,
      1.2849266391007819,
      1.3980457715720025,
      1.1562535929699858,
      1.110876649968416,
      1.493424463370975,
      1.2160178385748917,
      1.4088081686344234,
      1.0701868999494875,
      1.3693166982687264,
      1.420831920250469,
      1.0049362813403844,
      1.3681497111854455,
      1.5841870003822422,
      1.0398633213133515,
      1.5510628557327946,
      1.424054805808279,
      1.003006140991521,
      1.1486835383051042,
      1.5472418041195963,
      1.407006524372541,
      1.5644029674816748,
      1.3534848532832076,
      1.7058699712283476,
      1.5508627066037945,
      1.5954646905174248,
      1.5551839331394823,
      1.3579870168758827,
      1.3469474212748926,
      1.2146258213535663,
      1.367830303507147,
      1.5669285516509242,
      1.3535453911510789,
      1.4920821654464607,
      1.609078173877759,
      1.923315153940426,
      1.3445192568233708,
      1.3164488168707362,
      1.6785309824942924,
      1.7010230280589242,
      1.2418321412798097,
      1.574971285261587,
      1.2056853905510752,
      1.4026598463154367,
      1.2651028050464341,
      1.2915974257763398,
      1.3294936662971553,
      1.364929761433884,
      1.2946332713119884,
      1.5420958003762646,
      1.2824809568699689,
      1.5090342878457133,
      1.469203122746009,
      1.478637245890146,
      1.8612934773364296,
      1.632027088145177,
      1.3407906894539174,
      1.6527448825355833,
      1.461660738958599,
      1.9381061403173994,
      1.5263375895359474,
      1.5338429767368496,
      1.6155334124665264
    ],
    "loss": [
      0.0032788568641990423,
      0.35617175698280334,
      0.27553778886795044,
      -0.10567249357700348,
      1.2100123167037964,
      0.005173522979021072,
      -0.11606086045503616,
      -0.01955808512866497,
      -0.16094322502613068,
      0.18734881281852722,
      0.008405489847064018,
      -0.03526555374264717,
      0.08215060085058212,
      0.22578288614749908,
      0.049852434545755386,
      0.003882965072989464,
      -0.014467718079686165,
      0.019385647028684616,
      -0.001984196715056896,
      -0.11103959381580353,
      0.005442876368761063,
      -0.06356777995824814,
      0.08879701048135757,
      -0.014756311662495136,
      0.23273447155952454,
      0.007188012357801199,
      0.0071527729742228985,
      0.05294056609272957,
      0.03153921291232109,
      -0.02536051720380783,
      0.004145788494497538,
      -0.07798145711421967,
      0.030597137287259102,
      0.1428186595439911,
      -0.013966003432869911,
      0.006530176382511854,
      -0.03945084661245346,
      0.014019282534718513,
      0.12094292044639587,
      -0.13019561767578125,
      0.0043222662061452866,
      0.019681530073285103,
      -0.041419561952352524,
      0.15259812772274017,
      0.0012885229662060738,
      0.0031659777741879225,
      0.047861482948064804,
      -0.09396988153457642,
      -0.08071020245552063,
      0.3021587133407593,
      0.0038452353328466415,
      -0.009304485283792019,
      -0.11771778762340546,
      0.15399514138698578,
      0.14762632548809052,
      0.004026731010526419,
      -0.019200755283236504,
      0.025305230170488358,
      0.3353232741355896,
      0.012358037754893303,
      0.004482894670218229,
      0.021501611918210983,
      0.10987354069948196,
      -0.0549013614654541,
      -0.10449634492397308,
      0.004700896795839071,
      -0.047768041491508484,
      -0.006889086216688156,
      0.021300097927451134,
      -0.06496890634298325,
      0.013536798767745495,
      -0.03369598463177681,
      -0.038104668259620667,
      0.23711562156677246,
      -0.04287196695804596,
      0.0069528245367109776,
      -0.014441232196986675,
      0.00817180797457695,
      0.011416476219892502,
      0.049304746091365814,
      0.005279351491481066,
      -0.03914671763777733,
      0.16205854713916779,
      -0.05162179097533226,
      0.10148230940103531,
      0.0032780494075268507,
      -0.06852015852928162,
      -0.004798136651515961,
      0.05232921987771988,
      -0.04621480405330658,
      0.005796221550554037,
      -0.007761814631521702,
      0.04286506772041321,
      0.009416736662387848,
      0.040956269949674606,
      0.004920131992548704,
      0.004319123923778534,
      0.05909789726138115,
      -0.0595482774078846,
      0.21947453916072845
    ],
    "eval_r": [
      1.2771686360107841,
      1.2713031793464844,
      1.5128663275196828,
      1.4505079064831699,
      1.4058193182295433
    ],
    "eval_it": [
      20.0,
      40.0,
      60.0,
      80.0,
      100.0
    ]
  }
}